Image,Size,Name,Type,Length,Category,Style,Design Collection,Specie,Region
40402.jpg, 3/8'' x 3-1/4'',40402,Baseboard,RL,Mouldings,Colonial,N/A,Solid Oak,Alex West (USA)
90094.jpg, 5/8'' x 4'',90094,Baseboard,"16', 14'",Mouldings,Colonial,N/A,Primed MDF,Alex West (USA)
90095.jpg, 5/8'' x 5'',90095,Baseboard,"16', 14'",Mouldings,Colonial,N/A,Primed MDF,Alex West (USA)
90205.jpg, 1/2'' x 3-7/8'',90205,Baseboard,16',Mouldings,Colonial,N/A,Primed MDF,Alex West (USA)
90347.jpg, 3/4'' x 7'',90347,Baseboard,16',Mouldings,N/A,N/A,Primed MDF,Alex West (USA)
90349.jpg, 1/2'' x 5'',90349,Baseboard,16',Mouldings,N/A,N/A,Primed MDF,Alex West (USA)
90350.jpg, 1-3/16'' x 5-1/4'',90350,Architrave,16',Mouldings,N/A,N/A,Primed MDF,Alex West (USA)
90402.jpg, 1/2'' x 3-1/4'',90402,Baseboard,14',Mouldings,Colonial,N/A,Primed MDF,Alex West (USA)
90405.jpg, 1/2'' x 4'',90405,Baseboard,14',Mouldings,N/A,N/A,Primed MDF,Alex West (USA)
90412.jpg, 5/8'' x 4-1/4'',90412,Baseboard,"14', RL, 16'",Mouldings,Colonial,N/A,"Painted MDF, Douglas Fir, Primed MDF, Hemlock",Alex West (USA)
90414.jpg, 5/8'' x 5-1/4'',90414,Baseboard,16',Mouldings,N/A,N/A,Primed MDF,Alex West (USA)
90422.jpg, 1/2'' x 3'',90422,Baseboard,14',Mouldings,Colonial,N/A,Primed MDF,Alex West (USA)
90545.jpg, 5/8'' x 5'',90545,Baseboard,"16', 14', RL",Mouldings,Colonial,N/A,"Primed MDF, Hemlock",Alex West (USA)
90618.jpg, 1/2'' x 5-1/4'',90618,Baseboard,16',Mouldings,N/A,N/A,"Painted MDF, Primed MDF",Alex West (USA)
90620.jpg, 1/2'' x 4-1/4'',90620,Base,16',Mouldings,N/A,N/A,Primed MDF,Alex West (USA)
90623.jpg, 1/2'' x 3-1/4'',90623,Baseboard,16',Mouldings,O'gee,N/A,"Painted MDF, Primed MDF",Alex West (USA)
90663.jpg, 1/2'' x 4-1/4'',90663,Baseboard,14',Mouldings,Colonial,N/A,Primed MDF,Alex West (USA)
92625.jpg, 1/2'' x 2-1/4'',92625,Baseboard,16',Mouldings,N/A,N/A,Primed MDF,Alex West (USA)
93140.jpg, 3/8'' x 3-1/4'',93140,Baseboard,"8', 14'",Mouldings,Colonial,N/A,"Painted MDF, Primed MDF",Alex West (USA)
95000.jpg, 1-3/16'' x 3-3/4'',95000,Architrave,"16', RL",Mouldings,Colonial,N/A,"Painted MDF, Primed MDF, Hemlock",Alex West (USA)
95010.jpg, 1-3/16'' x 4-3/16'',95010,Architrave,14',Mouldings,N/A,N/A,Primed MDF,Alex West (USA)
98910.jpg, 3/8'' x 3-7/8'',98910,Baseboard,16',Mouldings,Colonial,N/A,Primed MDF,Alex West (USA)
9L348.jpg, 1-1/2'' x 6-1/4'',9L348,Architrave,16',Mouldings,N/A,N/A,Primed MDF,Alex West (USA)
05020.jpg, 1-3/16'' x 5-1/4'',05020,Architrave,"16', RL",Mouldings,N/A,N/A,"Primed MDF, Hemlock",Alex West (USA)
00648.jpg, 1-3/16'' x 6-1/4'',00648,Architrave,16',Mouldings,N/A,N/A,Primed MDF,Alex West (USA)
3277S.jpg, 3/8'' x 3/4'',3277S,Astragal,"RL, 14'",Mouldings,N/A,N/A,"Maple, Primed Finger Jointed Pine, Solid Oak",Alex West (USA)
L1305.jpg, 1-1/4'' x 2'',L1305,Astragal,"7', 8'",Mouldings,T-Astragal,N/A,"Primed Finger Jointed Pine, Hemlock",Alex West (USA)
CR003.jpg, 7/8'' x 1-5/16'',CR003,Back Band,16',"Mouldings, Design Collections and More",Prestige LDF,Prestige Series,Primed MDF,Alex West (USA)
0M135.jpg, 5/8'' x 3-9/16'',0M135,Back Splash,RL,Mouldings,N/A,N/A,"Maple, Solid Oak",Alex West (USA)
00078.jpg, 5/8'' x 4'',00078,Base,RL,Mouldings,N/A,N/A,Hemlock,Alex West (USA)
0L130.jpg, 5/8'' x 7-1/4'',0L130,Base,16',Mouldings,N/A,N/A,Primed MDF,Alex West (USA)
CR688.jpg, 3/4'' x 1-3/8'',CR688,Base Cap,16',"Mouldings, Design Collections and More",Prestige LDF,Prestige Series,Primed MDF,Alex West (USA)
03290.jpg, 3/4'' x 1/2'',03290,Base Shoe,"16', RL",Mouldings,Colonial,N/A,"Primed Finger Jointed Pine, Hemlock",Alex West (USA)
00101.jpg, 7/16'' x 11/16'',00101,Base Shoe,"RL, 16', 8'",Mouldings,N/A,N/A,"Douglas Fir, Primed Finger Jointed Pine, Hemlock, Solid Oak",Alex West (USA)
04211.jpg, 1-1/16'' x 4-1/2'',04211,Baseboard,16',Mouldings,N/A,N/A,Primed MDF,Alex West (USA)
05127.jpg, 1/2'' x 3-1/8'',05127,Baseboard,RL,Mouldings,N/A,N/A,Knotty Alder,Alex West (USA)
01240.jpg, 1/2'' x 4'',01240,Baseboard,14',Mouldings,N/A,N/A,Primed MDF,Alex West (USA)
00658.jpg, 1/2'' x 4-1/2'',00658,Baseboard,16',Mouldings,N/A,N/A,Primed MDF,Alex West (USA)
08243.jpg, 1/2'' x 4-1/4'',08243,Baseboard,16',Mouldings,N/A,N/A,Primed MDF,Alex West (USA)
00805.jpg, 1/2'' x 5-1/4'',00805,Baseboard,16',Mouldings,N/A,N/A,Primed MDF,Alex West (USA)
05128.jpg, 1/2'' x 5-1/4'',05128,Baseboard,RL,Mouldings,N/A,N/A,Knotty Alder,Alex West (USA)
08234.jpg, 5/8'' x 5-1/2'',08234,Baseboard,16',Mouldings,N/A,N/A,Primed MDF,Alex West (USA)
0B260.jpg, 5/8'' x 5-1/2'',0B260,Baseboard,16',Mouldings,N/A,N/A,Primed MDF,Alex West (USA)
02459.jpg, 5/8'' x 5-1/4'',02459,Baseboard,14',Mouldings,N/A,N/A,Primed MDF,Alex West (USA)
L163D.jpg, 5/8'' x 5-1/4'',L163D,Baseboard,16',Mouldings,N/A,N/A,Primed MDF,Alex West (USA)
L0209.jpg, 5/8'' x 5-15/16'',L0209,Baseboard,16',Mouldings,N/A,N/A,Primed MDF,Alex West (USA)
00976.jpg, 5/8'' x 6-1/2'',00976,Baseboard,"14', 16'",Mouldings,Colonial,N/A,Primed MDF,Alex West (USA)
L163C.jpg, 5/8'' x 7-1/4'',L163C,Baseboard,16',Mouldings,N/A,N/A,Primed MDF,Alex West (USA)
03112.jpg, 7/16'' x 3-1/4'',03112,Baseboard,"RL, 16'",Mouldings,Reversible,N/A,"Douglas Fir, Primed Finger Jointed Pine, Hemlock",Alex West (USA)
0623A.jpg, 7/16'' x 3-1/4'',0623A,Baseboard,"RL, 16', 8'",Mouldings,O'gee,N/A,"Douglas Fir, Hemlock, Primed Finger Jointed Pine, Knotty Pine, Solid Oak",Alex West (USA)
LP433.jpg, 7/16'' x 3-1/4'',LP433,Baseboard,16',Mouldings,N/A,N/A,Primed MDF,Alex West (USA)
9W623.jpg, 9/16'' x 3-1/4'',9W623,Baseboard,16',Mouldings,N/A,N/A,Primed MDF,Alex West (USA)
WM620.jpg, 9/16'' x 4-1/4'',WM620,Baseboard,RL,Mouldings,N/A,N/A,Hemlock,Alex West (USA)
04355.jpg, 9/16'' x 5-5/8'',04355,Baseboard,16',Mouldings,N/A,N/A,Primed MDF,Alex West (USA)
04312.jpg, 11/16'' x 4-7/16'',04312,Baseboard,16',Mouldings,Beaded,N/A,Primed MDF,Alex West (USA)
07706.jpg, 1/2'' x 4-1/8'',07706,Baseboard,"16', 14'",Mouldings,Colonial,N/A,Primed MDF,Alex West (USA)
00309.jpg, 11/16'' x 3-1/4'',00309,Baseboard,16',Mouldings,Colonial,N/A,Primed Finger Jointed Pine,Alex West (USA)
00310.jpg, 11/16'' x 4-1/8'',00310,Baseboard,16',Mouldings,Colonial,N/A,Primed Finger Jointed Pine,Alex West (USA)
00311.jpg, 11/16'' x 5-1/4'',00311,Baseboard,16',Mouldings,Colonial,N/A,Primed Finger Jointed Pine,Alex West (USA)
01653.jpg, 3/8'' x 3-1/4'',01653,Baseboard,14',Mouldings,Colonial,N/A,Primed MDF,Alex West (USA)
10351.jpg, 11/16'' x 3-7/16'',10351,Casing,RL,Mouldings,N/A,N/A,Hemlock,Alex West (USA)
10673.jpg, 9/16'' x 5-3/16'',10673,Baseboard,16',Mouldings,Colonial,N/A,Primed Finger Jointed Pine,Alex West (USA)
20356.jpg, 1/2'' x 2-1/4'',20356,Casing,14',Mouldings,N/A,N/A,Embossed Finger Jointed Pine,Alex West (USA)
90348.jpg, 1'' x 4-1/2'',90348,Casing,16',Mouldings,N/A,N/A,Primed MDF,Alex West (USA)
90352.jpg, 3/4'' x 3'',90352,Casing,16',Mouldings,N/A,N/A,Primed MDF,Alex West (USA)
90389.jpg, 5/8'' x 3-1/4'',90389,Baseboard,14',Mouldings,Step,N/A,Primed MDF,Alex West (USA)
90403.jpg, 5/8'' x 3'',90403,Casing,14',Mouldings,N/A,N/A,Primed MDF,Alex West (USA)
90411.jpg, 11/16'' x 3'',90411,Casing,"14', RL, 16', 14'1'', 8'",Mouldings,Colonial,N/A,"Painted MDF, Douglas Fir, Primed MDF, Hemlock",Alex West (USA)
90431.jpg, 5/8'' x 3-1/4'',90431,Baseboard,14',Mouldings,Step,N/A,Primed MDF,Alex West (USA)
90540.jpg, 11/16'' x 5-1/4'',90540,Casing,8',Mouldings,N/A,N/A,Primed MDF,Alex West (USA)
90628.jpg, 9/16'' x 5-1/4'',90628,Baseboard,16',Mouldings,O'gee,N/A,Primed MDF,Alex West (USA)
05955.jpg, 5/8'' x 5-9/16'',05955,Baseboard,16',Mouldings,Colonial,N/A,Primed MDF,Alex West (USA)
00422.jpg, 7/16'' x 2-31/32'',00422,Baseboard,RL,Mouldings,Colonial,N/A,Solid Oak,Alex West (USA)
03140.jpg, 7/16'' x 3-1/4'',03140,Baseboard,"16', 14', RL",Mouldings,Colonial,N/A,"Primed Finger Jointed Pine, Maple, Hemlock, Knotty Pine, Solid Oak",Alex West (USA)
0653A.jpg, 7/16'' x 3-1/4'',0653A,Baseboard,"16', RL",Mouldings,Colonial,N/A,"Primed Finger Jointed Pine, Hemlock, Solid Oak",Alex West (USA)
0714U.jpg, 9/16'' x 4-1/8'',0714U,Baseboard,16',Mouldings,Colonial,N/A,Primed Finger Jointed Pine,Alex West (USA)
0625A.jpg, 7/16'' x 2-1/4'',0625A,Baseboard,"16', RL",Mouldings,O'gee,N/A,"Primed Finger Jointed Pine, Hemlock",Alex West (USA)
0623B.jpg, 9/16'' x 3-1/4'',0623B,Baseboard,RL,Mouldings,O'gee,N/A,"Hemlock, Knotty Alder",Alex West (USA)
00628.jpg, 9/16'' x 5-1/4'',00628,Baseboard,"16', RL",Mouldings,O'gee,N/A,"Primed Finger Jointed Pine, Hemlock, Knotty Alder",Alex West (USA)
04255.jpg, 9/16'' x 5-5/8'',04255,Baseboard,RL,Mouldings,Panel,N/A,Hemlock,Alex West (USA)
CR670.jpg, 3/4'' x 3-1/2'',CR670,Baseboard,16',"Mouldings, Design Collections and More",Prestige LDF,Prestige Series,Primed MDF,Alex West (USA)
CR683.jpg, 3/4'' x 4-1/2'',CR683,Baseboard,16',"Mouldings, Design Collections and More",Prestige LDF,Prestige Series,Primed MDF,Alex West (USA)
CR678.jpg, 5/8'' x 5-1/4'',CR678,Baseboard,16',"Mouldings, Design Collections and More",Prestige LDF,Prestige Series,Primed MDF,Alex West (USA)
CR679.jpg, 5/8'' x 5-1/4'',CR679,Baseboard,16',"Mouldings, Design Collections and More",Prestige LDF,Prestige Series,Primed MDF,Alex West (USA)
CR680.jpg, 5/8'' x 5-15/16'',CR680,Baseboard,16',"Mouldings, Design Collections and More",Prestige LDF,Prestige Series,Primed MDF,Alex West (USA)
CR674.jpg, 7/8'' x 7-3/8'',CR674,Baseboard,16',"Mouldings, Design Collections and More",Prestige LDF,Prestige Series,Primed MDF,Alex West (USA)
03101.jpg, 7/16'' x 2-1/4'',03101,Baseboard,RL,Mouldings,Ranch,N/A,Hemlock,Alex West (USA)
03102.jpg, 7/16'' x 3-1/4'',03102,Baseboard,RL,Mouldings,Ranch,N/A,Hemlock,Alex West (USA)
00735.jpg, 11/16'' x 4-1/2'',00735,Baseboard,16',Mouldings,Step,N/A,Primed Finger Jointed Pine,Alex West (USA)
00964.jpg, 1/2'' x 4-1/2'',00964,Baseboard,16',Mouldings,Victorian,N/A,Primed MDF,Alex West (USA)
00303.jpg, 1-1/4'' x 1-1/2'',00303,Brick Mould,"14', 7'",Mouldings,N/A,N/A,Primed Finger Jointed Pine,Alex West (USA)
WM180.jpg, 1-1/4'' x 2'',WM180,Brick Mould,"210'', 18', 17', 14', 10', 7', RL",Mouldings,N/A,N/A,"Primed Finger Jointed Pine, Hemlock",Alex West (USA)
03322.jpg, 1-1/4'' x 2'',03322,Brick Mould,14',Mouldings,Double Beaded,N/A,Primed Finger Jointed Pine,Alex West (USA)
3322B.jpg, 1-1/4'' x 2-1/4'',3322B,Brick Mould,"18', 14'",Mouldings,Double Beaded,N/A,Primed Finger Jointed Pine,Alex West (USA)
3322T.jpg, 1-1/4'' x 2-1/8'',3322T,Brick Mould,"18', 7'",Mouldings,Double Beaded,N/A,Primed Finger Jointed Pine,Alex West (USA)
3322F.jpg, 1-3/16'' x 3-1/8'',3322F,Brick Mould,18',Mouldings,Double Beaded,N/A,Primed Finger Jointed Pine,Alex West (USA)
03294.jpg, 3/8'' x 1-1/2'',03294,Burlap,"14', RL",Mouldings,E2E,N/A,"Primed Finger Jointed Pine, Solid Oak, Hemlock",Alex West (USA)
00738.jpg, 1'' x 3-1/4'',00738,Casing,16',Mouldings,N/A,N/A,Primed MDF,Alex West (USA)
0L128.jpg, 1-1/8'' x 4'',0L128,Casing,16',Mouldings,N/A,N/A,Primed MDF,Alex West (USA)
3005R.jpg, 1/2'' x 1-1/2'',3005R,Casing,"14', RL",Mouldings,Colonial,N/A,"Primed Finger Jointed Pine, Hemlock",Alex West (USA)
00829.jpg, 1/2'' x 2-1/4'',00829,Casing,RL,Mouldings,N/A,N/A,Solid Oak,Alex West (USA)
0M37C.jpg, 11/16'' x 2-1/2'',0M37C,Casing,"RL, 7'",Mouldings,N/A,N/A,"Douglas Fir, Hemlock",Alex West (USA)
WM327.jpg, 11/16'' x 2-1/4'',WM327,Casing,RL,Mouldings,N/A,N/A,Hemlock,Alex West (USA)
0M37D.jpg, 11/16'' x 3-1/2'',0M37D,Casing,"RL, 8'",Mouldings,N/A,N/A,"Hemlock, Douglas Fir",Alex West (USA)
LH444.jpg, 11/16'' x 3-1/4'',LH444,Casing,RL,Mouldings,N/A,N/A,Knotty Alder,Alex West (USA)
00633.jpg, 11/16'' x 3-5/16'',00633,Casing,16',Mouldings,N/A,N/A,Primed MDF,Alex West (USA)
00077.jpg, 3/4'' x 2-5/8'',00077,Casing,RL,Mouldings,N/A,N/A,Hemlock,Alex West (USA)
0H400.jpg, 3/4'' x 3'',0H400,Casing,14',Mouldings,N/A,N/A,Primed MDF,Alex West (USA)
03459.jpg, 3/4'' x 3-3/4'',03459,Casing,16',Mouldings,N/A,N/A,Primed MDF,Alex West (USA)
L0308.jpg, 3/4'' x 4'',L0308,Casing,16',Mouldings,N/A,N/A,Primed MDF,Alex West (USA)
03080.jpg, 3/8'' x 1-7/16'',03080,Casing,14',Mouldings,N/A,N/A,Vinyl Wrapped LDF,Alex West (USA)
03002.jpg, 3/8'' x 2-1/4'',03002,Casing,"14', 7', RL",Mouldings,Bevel,N/A,"Vinyl Wrapped LDF, Primed Finger Jointed Pine, Hemlock",Alex West (USA)
04356.jpg, 3/8'' x 2-1/4'',04356,Casing,"14', 7'",Mouldings,N/A,N/A,Vinyl Wrapped LDF,Alex West (USA)
9356A.jpg, 3/8'' x 2-1/4'',9356A,Casing,"8', 14', 7'",Mouldings,N/A,N/A,"Painted MDF, Primed MDF",Alex West (USA)
05208.jpg, 5/8'' x 2-1/2'',05208,Casing,"14', 7'",Mouldings,Colonial,N/A,"Painted MDF, Primed MDF",Alex West (USA)
02140.jpg, 5/8'' x 2-1/4'',02140,Casing,"7', 14', RL",Mouldings,Moulded,N/A,"Primed MDF, Primed Finger Jointed Pine, Hemlock",Alex West (USA)
05125.jpg, 5/8'' x 2-1/4'',05125,Casing,RL,Mouldings,N/A,N/A,Knotty Alder,Alex West (USA)
0H356.jpg, 5/8'' x 2-1/4'',0H356,Casing,"RL, 7'",Mouldings,N/A,N/A,"Douglas Fir, Hemlock",Alex West (USA)
07705.jpg, 5/8'' x 2-3/4'',07705,Casing,14'1'',Mouldings,N/A,N/A,Primed MDF,Alex West (USA)
00787.jpg, 5/8'' x 2-9/16'',00787,Casing,14',Mouldings,N/A,N/A,Primed MDF,Alex West (USA)
10444.jpg, 5/8'' x 3-3/8'',10444,Casing,RL,Mouldings,N/A,N/A,Hemlock,Alex West (USA)
13130.jpg, 9/16'' x 2-1/4'',13130,Casing,14',Mouldings,Fluted / Bead,N/A,Primed Finger Jointed Pine,Alex West (USA)
40356.jpg, 7/16'' x 2-1/8'',40356,Casing,"RL, 7'",Mouldings,Colonial,N/A,"Maple, Solid Oak",Alex West (USA)
40401.jpg, 3/8'' x 2-1/2'',40401,Casing,RL,Mouldings,Colonial,N/A,Solid Oak,Alex West (USA)
40444.jpg, 7/16'' x 3-1/4'',40444,Casing,RL,Mouldings,Colonial,N/A,Solid Oak,Alex West (USA)
41208.jpg, 5/8'' x 2-1/2'',41208,Casing,RL,Mouldings,Colonial,N/A,Solid Oak,Alex West (USA)
90093.jpg, 5/8'' x 3-1/4'',90093,Casing,"16', 14'",Mouldings,Colonial,N/A,Primed MDF,Alex West (USA)
90340.jpg, 5/8'' x 3-1/4'',90340,Casing,14',Mouldings,Fluted,N/A,Primed MDF,Alex West (USA)
90341.jpg, 5/8'' x 3-3/8'',90341,Casing,14',Mouldings,Reversible Casing,N/A,Primed MDF,Alex West (USA)
90401.jpg, 1/2'' x 2-1/2'',90401,Casing,14',Mouldings,Colonial,N/A,Primed MDF,Alex West (USA)
90410.jpg, 11/16'' x 2-1/4'',90410,Casing,"14', RL, 7'",Mouldings,Colonial,N/A,"Primed MDF, Hemlock",Alex West (USA)
90415.jpg, 5/8'' x 2-1/4'',90415,Casing,14',Mouldings,Colonial,N/A,Primed MDF,Alex West (USA)
90421.jpg, 5/8'' x 2-1/4'',90421,Casing,14',Mouldings,Colonial,N/A,Primed MDF,Alex West (USA)
90423.jpg, 5/8'' x 3'',90423,Casing,"16', 14'",Mouldings,E2E,N/A,Primed MDF,Alex West (USA)
90535.jpg, 11/16'' x 3-1/2'',90535,Casing,"16', 14', RL",Mouldings,Colonial,N/A,"Primed MDF, Hemlock",Alex West (USA)
90907.jpg, 5/8'' x 2-1/4'',90907,Casing,14',Mouldings,Beaded,N/A,Primed MDF,Alex West (USA)
90908.jpg, 5/8'' x 3-5/16'',90908,Casing,"16', 14'",Mouldings,Beaded,N/A,Primed MDF,Alex West (USA)
93002.jpg, 3/8'' x 2-1/4'',93002,Casing,14',Mouldings,Bevel,N/A,Primed MDF,Alex West (USA)
93121.jpg, 5/8'' x 2-5/8'',93121,Casing,16',Mouldings,Colonial,N/A,Primed MDF,Alex West (USA)
93296.jpg, 9/16'' x 2-1/4'',93296,Casing,"16', 7'",Mouldings,N/A,N/A,Primed MDF,Alex West (USA)
93312.jpg, 5/8'' x 3-1/2'',93312,Casing,16',Mouldings,Beaded,N/A,Primed MDF,Alex West (USA)
93444.jpg, 5/8'' x 3-1/4'',93444,Casing,16',Mouldings,N/A,N/A,Primed MDF,Alex West (USA)
98063.jpg, 3/4'' x 3-1/4'',98063,Casing,16',Mouldings,Colonial,N/A,Primed MDF,Alex West (USA)
98233.jpg, 5/8'' x 3-5/16'',98233,Casing,16',Mouldings,Colonial,N/A,Primed MDF,Alex West (USA)
02150.jpg, 5/8'' x 3-1/4'',02150,Casing,"16', RL, 8'",Mouldings,Moulded,N/A,"Primed MDF, Primed Finger Jointed Pine, Hemlock",Alex West (USA)
05126.jpg, 5/8'' x 3-1/4'',05126,Casing,RL,Mouldings,N/A,N/A,Knotty Alder,Alex West (USA)
00811.jpg, 9/16'' x 2-1/4'',00811,Casing,RL,Mouldings,N/A,N/A,Solid Oak,Alex West (USA)
01911.jpg, 9/16'' x 2-1/4'',01911,Casing,16',Mouldings,N/A,N/A,Primed MDF,Alex West (USA)
03018.jpg, 9/16'' x 2-1/4'',03018,Casing,"16', 7'",Mouldings,N/A,N/A,Primed MDF,Alex West (USA)
9S356.jpg, 9/16'' x 2-1/4'',9S356,Casing,"14', 7', 17'",Mouldings,Colonial,N/A,"Painted MDF, Primed MDF",Alex West (USA)
00771.jpg, 9/16'' x 3-9/16'',00771,Casing,16',Mouldings,N/A,N/A,Primed MDF,Alex West (USA)
03211.jpg, 1-1/16'' x 3-1/2'',03211,Casing,16',Mouldings,Beaded,N/A,"Primed MDF, Primed Finger Jointed Pine",Alex West (USA)
03209.jpg, 5/8'' x 2-1/2'',03209,Casing,"14', 7', RL",Mouldings,Beaded,N/A,"Primed Finger Jointed Pine, Hemlock",Alex West (USA)
WM324.jpg, 11/16'' x 2-1/4'',WM324,Casing,"14', RL, 7'",Mouldings,Bevel,N/A,"Primed Finger Jointed Pine, Hemlock",Alex West (USA)
03000.jpg, 7/16'' x 1-7/16'',03000,Casing,"14', 7', RL",Mouldings,Bevel,N/A,"Primed Finger Jointed Pine, Hemlock, Solid Oak",Alex West (USA)
9H356.jpg, 1/2'' x 2-1/4'',9H356,Casing,"14', 7'",Mouldings,Colonial,N/A,Primed MDF,Alex West (USA)
0356V.jpg, 1/2'' x 2-1/8'',0356V,Casing,"RL, 7'",Mouldings,Colonial,N/A,Oak Veneer,Alex West (USA)
01208.jpg, 11/16'' x 2-1/2'',01208,Casing,"14', 7', RL",Mouldings,Colonial,N/A,"Primed Finger Jointed Pine, Hemlock",Alex West (USA)
0W356.jpg, 11/16'' x 2-1/4'',0W356,Casing,"14', 7', RL",Mouldings,Colonial,N/A,"Primed Finger Jointed Pine, Hemlock, Knotty Alder",Alex West (USA)
03121.jpg, 11/16'' x 2-3/4'',03121,Casing,15',Mouldings,Colonial,N/A,Primed Finger Jointed Pine,Alex West (USA)
0444V.jpg, 11/16'' x 3-1/4'',0444V,Casing,RL,Mouldings,Colonial,N/A,Oak Veneer,Alex West (USA)
00954.jpg, 3/4'' x 3-1/2'',00954,Casing,16',Mouldings,Colonial,N/A,Primed MDF,Alex West (USA)
0356C.jpg, 3/8'' x 2'',0356C,Casing,14',Mouldings,Colonial,N/A,Primed Finger Jointed Pine,Alex West (USA)
L356A.jpg, 3/8'' x 2-1/4'',L356A,Casing,"14', 7'",Mouldings,Colonial,N/A,Primed Finger Jointed Pine,Alex West (USA)
9W356.jpg, 5/8'' x 2-1/4'',9W356,Casing,"16', 14', 7'",Mouldings,Colonial,N/A,Primed MDF,Alex West (USA)
0L356.jpg, 7/16'' x 2-1/4'',0L356,Casing,"14', RL, 7'",Mouldings,Colonial,N/A,"Primed Finger Jointed Pine, Knotty Pine",Alex West (USA)
00357.jpg, 7/16'' x 2-1/8'',00357,Casing,RL,Mouldings,Colonial,N/A,Hemlock,Alex West (USA)
0H125.jpg, 9/16'' x 2-1/8'',0H125,Casing,"RL, 7'",Mouldings,Colonial,N/A,Hemlock,Alex West (USA)
00421.jpg, 9/16'' x 2-3/16'',00421,Casing,RL,Mouldings,Colonial,N/A,Solid Oak,Alex West (USA)
0H444.jpg, 9/16'' x 3-1/4'',0H444,Casing,"16', 8', RL",Mouldings,Colonial,N/A,"Primed MDF, Primed Finger Jointed Pine, Hemlock, Knotty Pine",Alex West (USA)
03296.jpg, 7/16'' x 2-1/4'',03296,Casing,"14', 7', RL",Mouldings,E2E,N/A,"Primed Finger Jointed Pine, Hemlock",Alex West (USA)
00729.jpg, 11/16'' x 3-1/8'',00729,Casing,"16', 14'",Mouldings,Fluted,N/A,Primed MDF,Alex West (USA)
03125.jpg, 9/16'' x 3-1/4'',03125,Casing,"15', 7'6'', RL",Mouldings,Fluted / Bead,N/A,"Primed Finger Jointed Pine, Hemlock, Solid Oak",Alex West (USA)
03004.jpg, 7/16'' x 2-1/4'',03004,Casing,14',Mouldings,Miracle,N/A,Primed Finger Jointed Pine,Alex West (USA)
CR694.jpg, 1'' x 3-1/2'',CR694,Casing,16',"Mouldings, Design Collections and More",Prestige LDF,Prestige Series,Primed MDF,Alex West (USA)
CR669.jpg, 1'' x 4-1/8'',CR669,Casing,16',"Mouldings, Design Collections and More",Prestige LDF,Prestige Series,Primed MDF,Alex West (USA)
CR692.jpg, 3/4'' x 4-1/2'',CR692,Casing,16',"Mouldings, Design Collections and More",Prestige LDF,Prestige Series,Primed MDF,Alex West (USA)
00435.jpg, 1/2'' x 2-1/2'',00435,Casing,14',Mouldings,S4S E2E,N/A,Primed MDF,Alex West (USA)
00438.jpg, 1/2'' x 3-1/2'',00438,Casing,14',Mouldings,S4S E2E,N/A,Primed MDF,Alex West (USA)
00736.jpg, 3/4'' x 3-1/2'',00736,Casing,14'2'',Mouldings,Step,N/A,Primed Finger Jointed Pine,Alex West (USA)
90041.jpg, 1-1/8'' x 6-1/4'',90041,Crown,16',Mouldings,N/A,N/A,Primed MDF,Alex West (USA)
90051.jpg, 5/8'' x 3-1/4'',90051,Crown,"8', 16'",Mouldings,N/A,N/A,"Painted MDF, Primed MDF",Alex West (USA)
90297.jpg, 3/4'' x 3'',90297,Chair Rail,"14', 16'",Mouldings,N/A,N/A,"Painted MDF, Primed MDF",Alex West (USA)
90326.jpg, 5/8'' x 3-7/16'',90326,Casing,16',Mouldings,Traditional,N/A,Primed MDF,Alex West (USA)
90373.jpg, 5/8'' x 2-1/2'',90373,Casing,14',Mouldings,Traditional,N/A,Primed MDF,Alex West (USA)
90386.jpg, 5/8'' x 2-1/4'',90386,Casing,14',Mouldings,Step,N/A,Primed MDF,Alex West (USA)
90983.jpg, 5/8'' x 4-1/2'',90983,Crown,16',Mouldings,N/A,N/A,"Primed MDF, Primed Finger Jointed Pine",Alex West (USA)
91046.jpg, 3/4'' x 6-1/8'',91046,Crown,14',Mouldings,N/A,N/A,Primed MDF,Alex West (USA)
93040.jpg, 11/16'' x 4-1/4'',93040,Crown,"16', RL",Mouldings,N/A,N/A,"Primed MDF, Hemlock",Alex West (USA)
93244.jpg, 3/4'' x 1-1/4'',93244,Crown,14',Mouldings,N/A,N/A,Primed MDF,Alex West (USA)
93248.jpg, 1-3/16'' x 2-7/16'',93248,Crown,16',Mouldings,N/A,N/A,Primed MDF,Alex West (USA)
93516.jpg, 9/16'' x 3-1/8'',93516,Ceiling Panel,"16', 8'",Mouldings,Beaded,N/A,Primed MDF,Alex West (USA)
00827.jpg, 9/16'' x 3-1/4'',00827,Ceiling Panel,RL,Mouldings,N/A,N/A,"Douglas Fir, Hemlock",Alex West (USA)
05744.jpg, 1'' x 3-3/16'',05744,Chair Rail,16',Mouldings,N/A,N/A,Primed MDF,Alex West (USA)
0PCR7.jpg, 1-1/8'' x 2-7/16'',0PCR7,Chair Rail,16',Mouldings,N/A,N/A,Primed Finger Jointed Pine,Alex West (USA)
00297.jpg, 11/16'' x 3'',00297,Chair Rail,"16', RL, 8'",Mouldings,N/A,N/A,"Primed Finger Jointed Pine, Hemlock, Solid Oak",Alex West (USA)
00698.jpg, 15/16'' x 2-3/8'',00698,Chair Rail,16',Mouldings,N/A,N/A,Primed MDF,Alex West (USA)
05689.jpg, 5/8'' x 1-3/4'',05689,Chair Rail,"8', 14'",Mouldings,N/A,N/A,"Painted MDF, Primed MDF",Alex West (USA)
05741.jpg, 5/8'' x 2-1/2'',05741,Chair Rail,14',Mouldings,N/A,N/A,Primed MDF,Alex West (USA)
00265.jpg, 9/16'' x 2-1/2'',00265,Chair Rail,"16', RL",Mouldings,N/A,N/A,"Primed Finger Jointed Pine, Hemlock",Alex West (USA)
00204.jpg, 1-1/4'' x 1-1/4'',00204,Corner,8',Mouldings,Outside,N/A,Hemlock,Alex West (USA)
03280.jpg, 1-1/8'' x 1-1/8'',03280,Corner,"16', 8', RL",Mouldings,Outside,N/A,"Primed Finger Jointed Pine, Hemlock, Solid Oak",Alex West (USA)
WM202.jpg, 1-1/8'' x 1-1/8'',WM202,Corner,"RL, 8'",Mouldings,Outside,N/A,"Hemlock, Primed Finger Jointed Pine, Solid Oak",Alex West (USA)
00170.jpg, 11/16'' x 11/16'',00170,Corner,8',Mouldings,Outside,N/A,Primed Finger Jointed Pine,Alex West (USA)
03282.jpg, 11/16'' x 11/16'',03282,Corner,"8', RL",Mouldings,Outside,N/A,"Hemlock, Solid Oak",Alex West (USA)
03283.jpg, 11/16'' x 11/16'',03283,Corner,8',Mouldings,Outside,N/A,Solid Oak,Alex West (USA)
06149.jpg, 1'' x 4-1/8'',06149,Corner Block,4-1/8'',Mouldings,N/A,N/A,Primed MDF,Alex West (USA)
06103.jpg, 1-1/8'' x 4-3/8'',06103,Corner Block,4-3/8'',Mouldings,N/A,N/A,Primed MDF,Alex West (USA)
06105.jpg, 7/8'' x 4-3/4'',06105,Corner Block,4-3/4'',Mouldings,N/A,N/A,Primed MDF,Alex West (USA)
06107.jpg, 7/8'' x 5-1/8'',06107,Corner Block,5-1/8'',Mouldings,N/A,N/A,Primed MDF,Alex West (USA)
06123.jpg, 11/16'' x 2-3/4'',06123,Corner Block,2-3/4'',Mouldings,Button,N/A,Solid Oak,Alex West (USA)
06100.jpg, 11/16'' x 2-3/8'',06100,Corner Block,2-3/8'',Mouldings,Button,N/A,Solid Oak,Alex West (USA)
06907.jpg, 3/4'' x 2-1/2'',06907,Corner Block,2-1/2'',Mouldings,Button,N/A,Primed MDF,Alex West (USA)
06908.jpg, 3/4'' x 3'',06908,Corner Block,3'',Mouldings,Button,N/A,Primed MDF,Alex West (USA)
06909.jpg, 3/4'' x 3-1/2'',06909,Corner Block,3-1/2'',Mouldings,Button,N/A,Primed MDF,Alex West (USA)
06910.jpg, 3/4'' x 3-3/4'',06910,Corner Block,3-3/4'',Mouldings,Button,N/A,Primed MDF,Alex West (USA)
06118.jpg, 7/8'' x 2-1/2'',06118,Corner Block,2-1/2'',Mouldings,Button,N/A,Hemlock,Alex West (USA)
06158.jpg, 7/8'' x 3-1/2'',06158,Corner Block,3-1/2'',Mouldings,Button,N/A,Hemlock,Alex West (USA)
0M134.jpg, 3/8'' x 1-3/4'',0M134,Counter Edge,RL,Mouldings,N/A,N/A,"Maple, Solid Oak",Alex West (USA)
03260.jpg, 1/2'' x 1/2'',03260,Cove,"8', RL",Mouldings,Inside,N/A,"Primed Finger Jointed Pine, Hemlock, Solid Oak",Alex West (USA)
00106.jpg, 11/16'' x 11/16'',00106,Cove,"16', 8', RL",Mouldings,Inside,N/A,"Primed Finger Jointed Pine, Hemlock",Alex West (USA)
00906.jpg, 11/16'' x 11/16'',00906,Cove,"RL, 8'",Mouldings,Inside,N/A,"Maple, Knotty Pine, Solid Oak",Alex West (USA)
00334.jpg, 9/16'' x 1-1/2'',00334,Cove,RL,Mouldings,Inside,N/A,Hemlock,Alex West (USA)
05869.jpg, 1'' x 4-1/2'',05869,Crown,16',Mouldings,N/A,N/A,Primed MDF,Alex West (USA)
00443.jpg, 1'' x 6-15/16'',00443,Crown,16',Mouldings,N/A,N/A,Primed MDF,Alex West (USA)
MW409.jpg, 1-1/4'' x 1-7/8'',MW409,Crown,16',Mouldings,N/A,N/A,Primed Finger Jointed Pine,Alex West (USA)
03248.jpg, 1-1/4'' x 2-1/4'',03248,Crown,"16', RL",Mouldings,N/A,N/A,"Primed Finger Jointed Pine, Hemlock",Alex West (USA)
9LW54.jpg, 1/2'' x 2-1/4'',9LW54,Crown,14',Mouldings,N/A,N/A,Primed MDF,Alex West (USA)
03242.jpg, 1/2'' x 3/4'',03242,Crown,"RL, 14'",Mouldings,N/A,N/A,"Hemlock, Primed Finger Jointed Pine, Solid Oak",Alex West (USA)
PCE60.jpg, 11/16'' x 4-17/32'',PCE60,Crown,16',Mouldings,N/A,N/A,Primed Finger Jointed Pine,Alex West (USA)
00824.jpg, 11/16'' x 5-3/16'',00824,Crown,RL,Mouldings,N/A,N/A,Hemlock,Alex West (USA)
3244A.jpg, 3/4'' x 1-1/4'',3244A,Crown,"14', RL",Mouldings,N/A,N/A,"Primed Finger Jointed Pine, Knotty Pine, Solid Oak",Alex West (USA)
03240.jpg, 3/8'' x 9/16'',03240,Crown,RL,Mouldings,N/A,N/A,Hemlock,Alex West (USA)
03244.jpg, 5/8'' x 1-1/4'',03244,Crown,"14', RL, 8'",Mouldings,N/A,N/A,"Primed Finger Jointed Pine, Maple, Hemlock, Knotty Pine",Alex West (USA)
05981.jpg, 5/8'' x 3-5/16'',05981,Crown,16',Mouldings,N/A,N/A,Primed MDF,Alex West (USA)
0CE47.jpg, 5/8'' x 4-5/8'',0CE47,Crown,16',Mouldings,N/A,N/A,Primed MDF,Alex West (USA)
00054.jpg, 9/16'' x 2-1/4'',00054,Crown,"16', RL",Mouldings,N/A,N/A,"Primed Finger Jointed Pine, Hemlock, Solid Oak",Alex West (USA)
00051.jpg, 9/16'' x 3-1/4'',00051,Crown,"RL, 16'",Mouldings,N/A,N/A,"Douglas Fir, Primed Finger Jointed Pine, Maple, Hemlock, Knotty Pine, Knotty Alder, Solid Oak",Alex West (USA)
LWM49.jpg, 9/16'' x 3-5/8'',LWM49,Crown,16',Mouldings,N/A,N/A,"Primed MDF, Primed Finger Jointed Pine",Alex West (USA)
0LW48.jpg, 9/16'' x 4-1/4'',0LW48,Crown,16',Mouldings,N/A,N/A,Primed MDF,Alex West (USA)
10203.jpg, 11/16'' x 4-9/16'',10203,Interior Jamb,"7', 8'4''",Mouldings,Flat,N/A,"Embossed Finger Jointed Pine, Primed Finger Jointed Pine, Knotty Pine, Knotty Alder",Alex West (USA)
13216.jpg, 3/4'' x 1-1/2'',13216,Half Round,"8', 14', RL",Mouldings,N/A,N/A,"Hemlock, Primed MDF, Solid Oak",Alex West (USA)
13220.jpg, 1/2'' x 1/2'',13220,Full Round,RL,Mouldings,N/A,N/A,Hemlock,Alex West (USA)
13222.jpg, 11/16'' x 11/16'',13222,Full Round,RL,Mouldings,N/A,N/A,Hemlock,Alex West (USA)
13224.jpg, 1'' x 1'',13224,Full Round,RL,Mouldings,N/A,N/A,Hemlock,Alex West (USA)
13287.jpg, 3/4'' x 1-1/4'',13287,Drip Cap,RL,Mouldings,N/A,N/A,Hemlock,Alex West (USA)
13420.jpg, 7/16'' x 1-11/16'',13420,Door Stop,7',Mouldings,N/A,N/A,Embossed Finger Jointed Pine,Alex West (USA)
17053.jpg, x ,17053,Crown Corner,3-1/2'',Mouldings,Outside,N/A,Solid Oak,Alex West (USA)
17054.jpg, 5/8'' x 3-1/4'',17054,Crown Corner,3-1/2'',Mouldings,Outside,N/A,Primed Finger Jointed Hemlock,Alex West (USA)
40936.jpg, 7/16'' x 1-1/4'',40936,Door Stop,RL,Mouldings,Colonial,N/A,"Maple, Solid Oak",Alex West (USA)
43508.jpg, 1-1/8'' x 2-1/4'',43508,Hand Rail,RL,Mouldings,N/A,N/A,Solid Oak,Alex West (USA)
90203.jpg, 11/16'' x 4-9/16'',90203,Interior Jamb,7',Mouldings,Flat,N/A,Primed MDF,Alex West (USA)
90710.jpg, 9/16'' x 3-1/4'',90710,Crown,16',Mouldings,Colonial,N/A,"Primed MDF, Primed Finger Jointed Pine",Alex West (USA)
90936.jpg, 3/8'' x 1-1/4'',90936,Door Stop,7',Mouldings,Colonial,N/A,Primed MDF,Alex West (USA)
LWM48.jpg, 9/16'' x 4-1/4'',LWM48,Crown,RL,Mouldings,N/A,N/A,Hemlock,Alex West (USA)
00047.jpg, 9/16'' x 4-9/16'',00047,Crown,16',Mouldings,N/A,N/A,Primed Finger Jointed Pine,Alex West (USA)
00512.jpg, 9/16'' x 5-1/4'',00512,Crown,16',Mouldings,N/A,N/A,Primed MDF,Alex West (USA)
CR696.jpg, 3/4'' x 5-15/16'',CR696,Crown,16',"Mouldings, Design Collections and More",Prestige LDF,Prestige Series,Primed MDF,Alex West (USA)
07044.jpg, 5/8'' x 3-1/4'',07044,Crown Corner,9'',Mouldings,Inside,N/A,Primed Finger Jointed Hemlock,Alex West (USA)
07043.jpg, x ,07043,Crown Corner,9'',Mouldings,Inside,N/A,Solid Oak,Alex West (USA)
ST003.jpg, N/A,ST003,DecoSmart Accessories,N/A,Mouldings,N/A,N/A,N/A,Alex West (USA)
03422.jpg, 3/8'' x 1-1/4'',03422,Door Stop,"7', 8', 14', RL, 8'4''",Mouldings,E2E,N/A,"Embossed Finger Jointed Pine, Painted MDF, Douglas Fir, Primed MDF, Primed Finger Jointed Pine, Hemlock, Knotty Pine, Knotty Alder, Solid Oak, Solid Import Pine",Alex West (USA)
3422F.jpg, 3/8'' x 1-3/16'',3422F,Door Stop,7',Mouldings,N/A,N/A,Vinyl Wrapped LDF,Alex West (USA)
03420.jpg, 1/2'' x 1-5/8'',03420,Door Stop,"14', 7', RL",Mouldings,E2E,N/A,"Primed Finger Jointed Pine, Hemlock",Alex West (USA)
3422V.jpg, 3/8'' x 1-1/4'',3422V,Door Stop,7',Mouldings,E2E,N/A,Oak Veneer,Alex West (USA)
0936A.jpg, 7/16'' x 1-1/4'',0936A,Door Stop,"14', 7', RL",Mouldings,"O'gee, Colonial",N/A,"Primed Finger Jointed Pine, Hemlock, Knotty Pine",Alex West (USA)
5442C.jpg, 1-1/4'' x 4-11/16'',5442C,Exterior Frame,7',Mouldings,SRK,N/A,Primed Finger Jointed Pine,Alex West (USA)
05442.jpg, 1-1/4'' x 4-9/16'',05442,Exterior Frame,7',Mouldings,SRK ,N/A,"Primed Finger Jointed Pine, Hemlock",Alex West (USA)
05452.jpg, 1-1/4'' x 5-1/4'',05452,Exterior Frame,7',Mouldings,SRK,N/A,"Primed Finger Jointed Pine, Hemlock",Alex West (USA)
5449C.jpg, 1-1/4'' x 6-11/16'',5449C,Exterior Frame,7',Mouldings,SRK,N/A,Primed Finger Jointed Pine,Alex West (USA)
05469.jpg, 1-1/4'' x 6-13/16'',05469,Exterior Frame,7',Mouldings,SRK,N/A,Embossed Finger Jointed Pine,Alex West (USA)
05449.jpg, 1-1/4'' x 6-9/16'',05449,Exterior Frame,"8'4'', 7'",Mouldings,SRK,N/A,"Primed Finger Jointed Pine, Hemlock, Knotty Alder",Alex West (USA)
05479.jpg, 1-1/4'' x 7-1/4'',05479,Exterior Frame,"8'4'', 7'",Mouldings,SRK,N/A,"Primed Finger Jointed Pine, Hemlock",Alex West (USA)
05878.jpg, 1-1/4'' x 8-7/8'',05878,Exterior Frame,7'4'',Mouldings,SRK,N/A,Primed Finger Jointed Pine,Alex West (USA)
00813.jpg, 3/4'' x 3-5/16'',00813,Flooring,RL,Mouldings,N/A,N/A,Douglas Fir,Alex West (USA)
00232.jpg, 1-1/2'' x 1-1/2'',00232,Full Round,RL,Mouldings,N/A,N/A,Hemlock,Alex West (USA)
00233.jpg, 1-5/16'' x 1-5/16'',00233,Full Round,"RL, 8'",Mouldings,N/A,N/A,Hemlock,Alex West (USA)
03507.jpg, 1-1/4'' x 2-1/4'',03507,Hand Rail,"16', RL",Mouldings,N/A,N/A,Hemlock,Alex West (USA)
WM240.jpg, 1-1/4'' x 2-1/4'',WM240,Hand Rail,"16', RL",Mouldings,N/A,N/A,"Primed Finger Jointed Pine, Hemlock",Alex West (USA)
3510T.jpg, 1-5/16'' x 1-3/8'',3510T,Hand Rail,RL,Mouldings,N/A,N/A,Hemlock,Alex West (USA)
00350.jpg, 1-7/16'' x 1-11/16',00350,Hand Rail,"16', RL",Mouldings,N/A,N/A,"Primed Finger Jointed Pine, Hemlock",Alex West (USA)
T1307.jpg, 1-7/16'' x 1-7/16'',T1307,Hand Rail,RL,Mouldings,N/A,N/A,Hemlock,Alex West (USA)
08202.jpg, 1-1/16'' x 2-1/4'',08202,Header Detail,RL,Mouldings,N/A,N/A,Hemlock,Alex West (USA)
0498D.jpg, 1-1/4'' x 4-9/16'',0498D,Interior Jamb,"7', 8'4''",Mouldings,Double Rabbet,N/A,"Painted FJP, Primed Finger Jointed Pine, Hemlock",Alex West (USA)
0413D.jpg, 1-1/4'' x 4-13/16'',0413D,Interior Jamb,7',Mouldings,Double Rabbet,N/A,"Primed Finger Jointed Pine, Hemlock",Alex West (USA)
9498D.jpg, 1-1/4'' x 4-9/16'',9498D,Interior Jamb,7',Mouldings,Double Rabbet,N/A,Primed MDF,Alex West (USA)
0513D.jpg, 1-1/4'' x 5-1/4'',0513D,Interior Jamb,7',Mouldings,Double Rabbet,N/A,"Primed Finger Jointed Pine, Hemlock",Alex West (USA)
0499D.jpg, 1-1/4'' x 6-9/16'',0499D,Interior Jamb,7',Mouldings,Double Rabbet,N/A,"Primed Finger Jointed Pine, Hemlock",Alex West (USA)
0714D.jpg, 1-1/4'' x 7-1/4'',0714D,Interior Jamb,7',Mouldings,Double Rabbet,N/A,"Primed Finger Jointed Pine, Hemlock",Alex West (USA)
9413D.jpg, 1-3/16'' x 4-13/16',9413D,Interior Jamb,7',Mouldings,Double Rabbet,N/A,Primed MDF,Alex West (USA)
04137.jpg, 11/16'' x 4-13/16'',04137,Interior Jamb,7',Mouldings,Flat,N/A,Primed Finger Jointed Pine,Alex West (USA)
4137V.jpg, 11/16'' x 4-13/16'',4137V,Interior Jamb,"7'4'', 7'",Mouldings,Flat,N/A,Hemlock Veneer,Alex West (USA)
0203V.jpg, 11/16'' x 4-9/16'',0203V,Interior Jamb,"7', 8'4''",Mouldings,Flat,N/A,"Douglas Fir, Hemlock Veneer, Maple Veneer, Birch Veneer, Oak Veneer, Pine Veneer",Alex West (USA)
00697.jpg, 11/16'' x 6-9/16'',00697,Interior Jamb,"7', 8'4''",Mouldings,Flat,N/A,"Primed Finger Jointed Pine, Knotty Alder",Alex West (USA)
0697V.jpg, 11/16'' x 6-9/16'',0697V,Interior Jamb,7',Mouldings,Flat,N/A,Hemlock Veneer,Alex West (USA)
03210.jpg, 5/8'' x 4-9/16'',03210,Interior Jamb,7',Mouldings,Flat,N/A,Marquis Oak,Alex West (USA)
03438.jpg, 1-1/4'' x 4-9/16'',03438,Interior Jamb,7',Mouldings,Single Rab/No Kerf,N/A,"Primed Finger Jointed Pine, Solid Import Pine",Alex West (USA)
3439N.jpg, 1-1/4'' x 4-9/16'',3439N,Interior Jamb,7',Mouldings,Single Rab/No Kerf,N/A,Primed Finger Jointed Pine,Alex West (USA)
03444.jpg, 1-1/4'' x 6-9/16'',03444,Interior Jamb,7',Mouldings,Single Rab/No Kerf,N/A,Primed Finger Jointed Pine,Alex West (USA)
0204G.jpg, 1-1/16'' x 4-9/16'',0204G,Interior Jamb,7',Mouldings,Stop Applied,N/A,Hemlock Veneer,Alex West (USA)
10100.jpg, 1/2'' x 1/2'',10100,Quarter Round,"8', RL",Mouldings,N/A,N/A,"Primed Finger Jointed Pine, Hemlock",Alex West (USA)
10706.jpg, 3/4'' x 2'',10706,Panel Mould,RL,Mouldings,N/A,N/A,Douglas Fir,Alex West (USA)
13263.jpg, 2-1/2'' x 3-9/16'',13263,Mull Post,7',Mouldings,N/A,N/A,Primed Finger Jointed Pine,Alex West (USA)
13516.jpg, 11/16'' x 11/16'',13516,Square,"RL, 7'",Mouldings,N/A,N/A,Hemlock,Alex West (USA)
40034.jpg, 1'' x 3-1/4'',40034,Stair Nosing,RL,Mouldings,N/A,N/A,Solid Oak,Alex West (USA)
40038.jpg, 1'' x 3-1/4'',40038,Stair Nosing,RL,Mouldings,N/A,N/A,Solid Oak,Alex West (USA)
40100.jpg, 1/2'' x 1/2'',40100,Quarter Round,RL,Mouldings,N/A,N/A,Solid Oak,Alex West (USA)
43275.jpg, 5/16'' x 3/4'',43275,Shelf Edge,RL,Mouldings,N/A,N/A,Solid Oak,Alex West (USA)
43278.jpg, 3/8'' x 1-1/8'',43278,Panel Mould,"14', RL",Mouldings,N/A,N/A,"Primed Finger Jointed Pine, Solid Oak",Alex West (USA)
43721.jpg, 13/16'' x 1'',43721,Panel Mould,RL,Mouldings,N/A,N/A,Solid Oak,Alex West (USA)
90850.jpg, 1-3/16'' x 1-3/4'',90850,Panel Cap,16',Mouldings,N/A,N/A,Primed MDF,Alex West (USA)
1207G.jpg, 1-1/8'' x 4-9/16'',1207G,Interior Jamb,7',Mouldings,Stop Applied,N/A,Embossed Finger Jointed Pine,Alex West (USA)
0207G.jpg, 1-3/16'' x 4-9/16'',0207G,Interior Jamb,7',Mouldings,Stop Applied,N/A,Hemlock Veneer,Alex West (USA)
0LATA.jpg, 1/4'' x 1-1/8'',0LATA,Lattice,8',Mouldings,N/A,N/A,Hemlock,Alex West (USA)
0LATC.jpg, 1/4'' x 1-3/8'',0LATC,Lattice,RL,Mouldings,N/A,N/A,Hemlock,Alex West (USA)
0LATB.jpg, 1/4'' x 1-5/8'',0LATB,Lattice,8',Mouldings,N/A,N/A,Hemlock,Alex West (USA)
0LATD.jpg, 1/4'' x 2-1/4'',0LATD,Lattice,8',Mouldings,N/A,N/A,Hemlock,Alex West (USA)
03348.jpg, 5/8'' x 1-3/8'',03348,Liner,7',Mouldings,N/A,N/A,Vinyl Wrapped LDF,Alex West (USA)
MW440.jpg, 3/8'' x 1-1/4'',MW440,Opening Trim,"RL, 14'",Mouldings,N/A,N/A,"Douglas Fir, Primed MDF",Alex West (USA)
000B4.jpg, 13/16'' x 1-1/2'',000B4,Panel Cap,"14', RL",Mouldings,N/A,N/A,"Primed Finger Jointed Pine, Solid Oak, Knotty Pine",Alex West (USA)
03724.jpg, 3/4'' x 1-1/8'',03724,Panel Cap,"14', RL",Mouldings,N/A,N/A,"Primed Finger Jointed Pine, Solid Oak",Alex West (USA)
01130.jpg, 1/2'' x 1'',01130,Panel Mould,"16', RL, 8'",Mouldings,N/A,N/A,"Primed Finger Jointed Pine, Hemlock",Alex West (USA)
01105.jpg, 11/16'' x 1-1/8'',01105,Panel Mould,"16', RL, 8'",Mouldings,N/A,N/A,"Primed Finger Jointed Pine, Hemlock",Alex West (USA)
00185.jpg, 3/4'' x 1-1/2'',00185,Panel Mould,14',Mouldings,N/A,N/A,Primed MDF,Alex West (USA)
00182.jpg, 9/16'' x 1-9/16'',00182,Panel Mould,"14', RL",Mouldings,N/A,N/A,"Primed Finger Jointed Pine, Hemlock",Alex West (USA)
01104.jpg, 9/16'' x 3/4'',01104,Panel Mould,RL,Mouldings,N/A,N/A,Hemlock,Alex West (USA)
0L273.jpg, 11/16'' x 1-11/16'',0L273,Picture Mould,RL,Mouldings,N/A,N/A,Hemlock,Alex West (USA)
06229.jpg, 1'' x 3-3/4'',06229,Plinth Block,8'',Mouldings,N/A,N/A,Primed MDF,Alex West (USA)
06211.jpg, 1'' x 4-3/4'',06211,Plinth Block,9'',Mouldings,N/A,N/A,Primed MDF,Alex West (USA)
06207.jpg, 1'' x 5-1/8'',06207,Plinth Block,9'',Mouldings,N/A,N/A,Primed MDF,Alex West (USA)
06206.jpg, 1-1/8'' x 4-3/8'',06206,Plinth Block,9'',Mouldings,N/A,N/A,Primed MDF,Alex West (USA)
06208.jpg, 7/8'' x 2-1/2'',06208,Plinth Block,8'',Mouldings,N/A,N/A,Hemlock,Alex West (USA)
06228.jpg, 7/8'' x 3-1/2'',06228,Plinth Block,8'',Mouldings,N/A,N/A,Hemlock,Alex West (USA)
06204.jpg, 3/4'' x 3'',06204,Plinth Block,6'',Mouldings,Colonial,N/A,Primed MDF,Alex West (USA)
06203.jpg, 3/4'' x 6'',06203,Plinth Block,6'',Mouldings,Colonial,N/A,Primed MDF,Alex West (USA)
06205.jpg, 3/4'' x 6'',06205,Plinth Block,6'',Mouldings,Colonial,N/A,Primed MDF,Alex West (USA)
06200.jpg, 7/8'' x 2-3/4'',06200,Plinth Block,6'',Mouldings,Colonial,N/A,Solid Oak,Alex West (USA)
06289.jpg, 1'' x 4-1/8'',06289,Plinth Block,9'',Mouldings,Plinth Block,N/A,Primed MDF,Alex West (USA)
00102.jpg, 11/16'' x 11/16'',00102,Quarter Round,"16', 8', RL",Mouldings,N/A,N/A,"Primed Finger Jointed Pine, Hemlock",Alex West (USA)
00902.jpg, 11/16'' x 11/16'',00902,Quarter Round,"RL, 8'",Mouldings,Inside,N/A,"Maple, Knotty Pine, Solid Oak",Alex West (USA)
R7051.jpg, 9/16'' x 3-1/4'',R7051,Reversible Crown,"12', 8'",Mouldings,N/A,N/A,Primed MDF,Alex West (USA)
R7048.jpg, 9/16'' x 4-1/4'',R7048,Reversible Crown,"12', 8'",Mouldings,N/A,N/A,Primed MDF,Alex West (USA)
R5980.jpg, 9/16'' x 5-1/4'',R5980,Reversible Crown,"12', 8'",Mouldings,N/A,N/A,Primed MDF,Alex West (USA)
3516T.jpg, 11/16'' x 11/16'',3516T,S4S,8',Mouldings,Square,N/A,Primed Finger Jointed Pine,Alex West (USA)
03274.jpg, 1/4'' x 3/4'',03274,Screen Mould,"8', RL",Mouldings,N/A,N/A,"Primed Finger Jointed Pine, Hemlock, Solid Oak",Alex West (USA)
00013.jpg, 1/4'' x 3/4'',00013,Screen Mould,RL,Mouldings,Beaded,N/A,Hemlock,Alex West (USA)
ST008.jpg, N/A,ST008,Smart Caulking,N/A,Mouldings,N/A,N/A,N/A,Alex West (USA)
ST004.jpg, N/A,ST004,Smart Coat,N/A,Mouldings,N/A,N/A,N/A,Alex West (USA)
ST009.jpg, N/A,ST009,Smart Filler,N/A,Mouldings,N/A,N/A,N/A,Alex West (USA)
ST002.jpg, N/A,ST002,Smart Filler Stick,N/A,Mouldings,N/A,N/A,N/A,Alex West (USA)
ST001.jpg, N/A,ST001,Smart Paint Pen,N/A,Mouldings,N/A,N/A,N/A,Alex West (USA)
ST010.jpg, 2'' x 3'',ST010,Smart Scraper,N/A,Mouldings,N/A,N/A,N/A,Alex West (USA)
09834.jpg, 3/8'' x 2-1/4'',09834,Soft Base Corner,3-1/2'',Mouldings,Outside,N/A,Primed Finger Jointed Hemlock,Alex West (USA)
09833.jpg, 7/16'' x 2-1/8'',09833,Soft Base Corner,3-1/2'',Mouldings,Outside,N/A,"Maple, Solid Oak",Alex West (USA)
09748.jpg, 7/16'' x 3-1/4'',09748,Soft Base Corner,2-3/4'',Mouldings,Outside,N/A,Primed Finger Jointed Hemlock,Alex West (USA)
09769.jpg, 9/16'' x 3-1/4'',09769,Soft Base Corner,2-3/4'',Mouldings,Outside,N/A,Hemlock,Alex West (USA)
09843.jpg, x ,09843,Soft Base Corner,3-1/2'',Mouldings,Outside,N/A,Solid Oak,Alex West (USA)
09848.jpg, x ,09848,Soft Base Corner,3-1/2'',Mouldings,Outside,N/A,Hemlock,Alex West (USA)
WM238.jpg, 1-1/16'' x 1-1/16'',WM238,Square,RL,Mouldings,N/A,N/A,Hemlock,Alex West (USA)
03428.jpg, 1/2'' x 3/4'',03428,Square,"8', RL",Mouldings,Parting Stop,N/A,"Primed Finger Jointed Pine, Hemlock",Alex West (USA)
41111.jpg, 7/16'' x 3-1/4'',41111,Threshold,RL,Mouldings,N/A,N/A,Solid Oak,Alex West (USA)
90222.jpg, 3/8'' x 5-3/4'',90222,Wainscot Panel,8',Mouldings,N/A,N/A,Primed MDF,Alex West (USA)
00940.jpg, 7/16'' x 1-3/8'',00940,Stop ,RL,Mouldings,N/A,N/A,Hemlock,Alex West (USA)
00852.jpg, 1-1/8'' x 1-1/2'',00852,Trim Mould,RL,Mouldings,N/A,N/A,Solid Oak,Alex West (USA)
06501.jpg, 3/4'' x 3/4'',06501,Universal Base Corner,8'',Mouldings,Inside,N/A,"Primed Finger Jointed Hemlock, Solid Oak",Alex West (USA)
06502.jpg, 1-1/4'' x 1-1/4'',06502,Universal Base Corner,8'',Mouldings,Outside,N/A,"Primed Finger Jointed Hemlock, Solid Oak",Alex West (USA)
06503.jpg, 1-1/4'' x 1-1/4'',06503,Universal Base Corner,8'',Mouldings,Outside,N/A,"Primed Finger Jointed Hemlock, Solid Oak",Alex West (USA)
03412.jpg, 1-3/4'' x 5-1/2'',03412,Window Stool,14',Mouldings,Colonial,N/A,Primed Finger Jointed Pine,Alex West (USA)
03413.jpg, 1-3/4'' x 7-1/2'',03413,Window Stool,14',Mouldings,Colonial,N/A,Primed Finger Jointed Pine,Alex West (USA)
03410.jpg, 1-1/4'' x 5-1/4'',03410,Window Stool,14',Mouldings,Eased Edge,N/A,Primed Finger Jointed Pine,Alex West (USA)
03411.jpg, 1-1/4'' x 7-1/4'',03411,Window Stool,14',Mouldings,Eased Edge,N/A,Primed Finger Jointed Pine,Alex West (USA)
